1,SKuaAGV
2,HB
3,Pogrw
4,TBSaUh
5,aGmXuCuvIV
6,V
7,mrQldWiH
8,IuQfZ
9,qtQ
10,GBFT
11,ZpH
12,cbOy
13,buqCvXPcP
14,OKft
15,vmIYn
16,QXpV
17,dHkrLGUI
18,YDfJqzRQw
19,muIwdLo
20,EZlj
21,WuDlkfq
22,olQAH
23,EKqUaI
24,pbwhnNEZxX
25,myNPSykeqi
26,Rh
27,yMRam
28,KMotefQRG
29,SQCZfzZ
30,OLMwIG
31,QB
32,LyxpxBeFu
33,TiTFbbt
34,clWl
35,SlxaNH
36,sdZu
37,qm
38,JUiGn
39,dYcqkM
40,ueUUJp
41,laa
42,kTBQNXj
43,EihqeixTnl
44,fsBDii
45,gcFt
46,vGrBAH
47,eDSO
48,WSoQobwrr
49,mvQJAyQmP
50,frESPXn
51,oXSbIiZ
52,pqsxeT
53,NghMz
54,tOJV
55,PY
56,R
57,NSQUeiT
58,vuByNux
59,OZX
60,WhyrMgZQXO
61,uFBwkQp
62,b
63,SVudaM
64,jP
65,UKyjgusPtK
66,gRTzlG
67,CvhdBEFC
68,JON
69,SbOCKOfnN
70,mOdnj
71,bKdYO
72,CA
73,RsY
74,eRsYM
75,MHVnOrw
76,HDSxZ
77,vjWklx
